{
    "SBGR": [-23.43227, -46.46948],
    "SBRJ": [-22.9105, -43.1631],
    "SBGL": [-22.80999, -43.25056],
    "SBSP": [-23.62611, -46.65639],
    "SBBR": [-15.8711, -47.9186],
    "SBKP": [-23.0075, -47.1344],
    "SBFL": [-27.67028, -48.5525],
    "SBSV": [-12.908611, -38.3225],
    "SBRF": [-8.12649, -34.92361],
    "SBCF": [-19.62444, -43.97194]
}
